strategy|programme|activity|location_by_priority|target_2024|target_2025|target_2026|target_2027|target_2028|responsible_agency
Increase access to quality health care|Infrastructure development|Construction of 21 Health Service Access Points|Mwanamango, Mapoko, Kasumpa, Mituntu, Kambobe, Katubulushi, Mweempe, Malima, Machipisa, Shimunungu, Kaumbu, Shamabanze, Ngobola, Musantu, Mukubu, Kaunga, Big Concession, Chombwa, Miyumbe, Itumbwe, Chisalu|1|5|5|5|5|MOH/LA
Increase access to quality health care|Infrastructure development|Expand Infrastructure of Maternity Annexes|Shakumbila, Keezwa, Muchabi, Nambala, Nakanjoli, Kapepe, Chunga, Nalusanga, Luili, Namabanga, Lubemba, Kashinka Prisons, Kafwikamo, Kitumba, Maimwene, Chiwena, Kayumweyumwe|0|4|4|4|4|MOH/LA
Increase access to quality health care|Infrastructure development|Rehabilitate 18 Shelters for Waiting Mothers|Shakumbila, Keezwa, Muchabi, Nakanjoli, Chunga, Nalusanga, Luili, Namabanga, Lubemba, Kashinka, Kitumba, Chiwena, Kayumweyumwe, Naluvwi, Shimbizhi, Kabwanga, Bulungu, Mulungushi|0|4|4|4|6|MOH/LA
Increase access to quality health care|Infrastructure development|Connection of 17 Health Facilities to the National Grid|Nalubanda, Lutale, Kapepe, Lungobe, Shakumbila, Keezwa, Muchabi, Nakanjoli, Chunga, Nalusanga, Luili, Namabanga, Lubemba, Kashinka, Kayumweyumwe, Naluvwi, Kamilambo|2|4|4|4|4|MOH/LA
Increase access to quality health care|Infrastructure development|Connect of Water Reticulation to Health Facilities|Myooye, Shakumbila, Naluvwi, Nambala, Lutale, Kapepe, Chunga, Luili, Namabanga, Lubemba, Kashinka, Kabwanga, Maimwene, Chiwena, Kayumweyumwe|0|4|4|4|4|MOH/LA
Increase access to quality health care|Equipment and Transport Procurement|Provision of Transport Services|Mumbwa District Hospital, Nangoma Mission Hospital, District Heath Office|1|2|2|0|0|MOH/LA
Increase access to quality health care|and Maintenance||||||||
Strengthen Public Health|Provision of Adolescent Youth Friendly Spaces|Provide Adolescent Youth Friendly Spaces|Nalubanda, Myooye, Lutale, Kapepe, Lungobe, Shakumbila, Keezwa, Muchabi, Nakanjoli, Chunga, Nalusanga, Luili, Namabanga, Lubemba, Kashinka Prisons, Kitumba, Chiwena, Kayumweyumwe, Naluvwi, Shimbizhi, Kabwanga, Maimwene, Kamilambo, Bulungu, Mulungushi|0|5|5|5|5|MOH/LA
Strengthen Public Health|Mental Health and Substance Abuse Management|Increase Health Facility Capacity to Provide Mental Health Services|Mumbwa District Hospital|0|0|1|0|0|MOH/LA
Strengthen Public Health|Family planning promotion|Capacity Strengthening of FP Service Delivery|All Health Facilities|0|12|12|12|12|MOH/LA
Strengthen Public Health|Equipment and Transport Procurement and Maintenance|Provision of logistics for rapid response to public health concerns (Epidemic|Mumbwa and Nangoma Hospital|0|1|1|0|0|MOH/LA
Strengthen Public Health|Equipment and Transport Procurement and Maintenance|Provision of Imaging Services|Mumbwa District Hospital|0|1|1|0|0|MOH/LA
Strengthen Public Health|Equipment and Transport Procurement and Maintenance|Provision of Sterilization Services|All Health Facilities|0|5|5|5|5|MOH/LA
Strengthen Public Health|Equipment and Transport Procurement and Maintenance|Provision of Laboratory Services|Mumbwa and Nangoma Hospital|0|2|0|0|0|MOH/LA
Strengthen Public Health|Health Education Promotion|Conduct Radio Programmes|District Health Office|12|12|12|12|12|MOH/LA
Strengthen Public Health|Health Education Promotion|Provide Outreach Programmes|All health facilities|12|12|12|12|12|MOH/LA
Strengthen Public Health|Health Education Promotion|Strengthen the structures and functions of health facility and community health management committees (NHC/HCC)|All health facilities|12|12|12|12|12|MOH/LA
Improve Quality of Education Provision|Infrastructure Development|Construction of 13 Standalone ECE Centres in 13 Primary Schools|Nalubanda, Nambala, Sanje, Mumba, Myooye, Kabulwebulwe, Nakajoli, Kalilwe, Kaindu, Kasalu, Chiwena, Bulungu, Shimbizhi and Kashinka|3|3|3|3|1|MOE/LA
Improve Quality of Education Provision|Infrastructure Development|Construction of (50) 1 X 3 classroom blocks in the 20 Primary Schools, 25 Community and 3 Secondary Schools in the District|Mafwele, Muyaya, Chiyanga, Tina, Kapulumuna, Mupanshaya, Shalom, Mayovu, Chungu, Katanga, Katele, Namabanga, Namisale, Miyumbe, Chinvunde, Luumpe,Chisenga, Kenneth Kaunda, Kiine, Makobo, Mwambula, Shachizobe, Kayanza,|10|10|10|10|10|MOE/LA
Improve Quality of Education Provision|Infrastructure Development||Moola and Kalisowe community schools and Kaindu, Myooye, Moobe, Kabwanga, Nalusanga, Kalenda, Shakumbila, Nakabu, Mupapa, Nabuyuni, Nankala, Chibuluma, Myoye and Kalenda Secondary Schools||||||
Improve Quality of Education Provision|Infrastructure Development|Construction of 30 Houses in Schools|Mafwele, Muyaya, Shalom, Mayovu, Chungu, Katanga, Katele, Namabanga, Namisale, Miyumbe, Kenneth Kaunda, Muyoba Chinvunde, Chiyanga, Luumpe and Kalisowe Primary Schools, Kaindu, Myooye, Moobe, Kabwanga, Nalusanga, Kalenda, Shakumbila, Chibuluma Secondary Schools|6|6|6|6|6|MOE/LA
Improve Quality of Education Provision|Infrastructure Development|Construct 4 Weekly Boarding Facilities in 10 secondary schools|Kaindu, Myooye, Moobe, Muchabi, Kalenda, Kabwanga, Shakumbila, Chibuluma, Nangoma, Chiwena hope sec|8|8|8|8|8|MOE/LA
Enhance Access to Quality Education|Equipment and Transport Procurement and Maintenance|Procurement of 498 Office tables and 498 office chairs in all the Schools in the District|All schools in Nalubanda, Nambala, Sanje, Mumba, Myooye, Chona, Nachiluka, Kaindu, Kasalu, Chiwena, Bulungu, Shimbizhi Zones|100|100|100|100|98|MOE/LA
Enhance Access to Quality Education|Equipment and Transport Procurement and Maintenance|Procurment of ICT Specialised Matrials in 18 Secondary Schools|Mumbwa Boarding, Bulungu Day, Nkulumazhiba, Mumbwa Day, Kalilwe Day, Sanje, Muchabi, Chiwena Hope, Nangoma, Nambala, Kaindu, Myooye, Moobe, Kabwanga,|10|20|20|20|20|MOE/LA
Enhance Access to Quality Education|Equipment and Transport Procurement and Maintenance||Nalusanga, Kalenda, Shakumbila, Chibuluma Secondary||||||
Enhance Access to Quality Education|Human Development|Recruitment of 2000 Teachers in the District|ALL schools in Nalubanda, Nambala, Sanje, Mumba, Myooye, Chona, Nachiluka, Kaindu, Kasalu, Chiwena, Bulungu, Shimbizhi Zones|300|600|600|250|250|MOE
Enhance Access to Quality Education|Infrastructure Development|Construction of 1 College of Education|Shakumbila Chiefdom|0|0|0|0|1|MOE/LA
Enhance Access to Quality Education|Infrastructure Development|Adjust 10 Classsroom Stairs to Accommodate the Inclusion of Learners with Disabilities|Mumbwa boarding, Bulungu dayand primary, Kamilambo, Makasa, Kiine, Chipo, Kalilwe Day and Primary|2|2|2|2|2|MOE/LA
Enhance Access to Quality Education|Infrastructure Development|Construction of 3 Schools|Mukuki in Keezwa, Shikatundwe and Katele in Chiwena|0|1|1|0|0|MOELA
Enhance Access to Quality Education|Infrastructure Development|Upgrading of Primary Schools into Secondary Schools|Maimwene Primary School, Lukanga Primary School, Makasa Primary Schools|0|1|1|1|0|MOE/LA
Improve technical, vocational, and entrepreneurshi p skills|Infrastructure Development|Completion of Mumbwa Skills Vocation Center|Junction Area|1|0|0|0|0|MOE/LA
Improve technical, vocational, and entrepreneurshi p skills|Equipment and Transport Procurement and Maintenance|Procurement of Specialized Equipment and Materials in 158 Schools|Mumbwa Boarding, Bulungu Day, Nkulumazhiba, Mumbwa Day, Kalilwe Day, Sanje, Muchabi, Chiwena Hope, Nangoma, Nambala, Kaindu, Myooye, Moobe, Kabwanga,|158|0|0|0|0|MOE/LA
Improve technical, vocational, and entrepreneurshi p skills|Equipment and Transport Procurement and Maintenance||Nalusanga, Kalenda, Shakumbila, Chibuluma Secondary||||||
Improve technical, vocational, and entrepreneurshi p skills|Equipment and Transport Procurement and Maintenance|Procurement of 2 Utility Vehicles|District Education Board Secretary Office|0|1|1|0|0|MOE/LA
Enhance access to quality, equitable, and inclusive education|Promotion of the the Re-entry Policy|Promotion of the Re-entry Policy and Enhacing Guidance and Counselling Programs|All schools in Nalubanda, Nambala, Sanje, Mumba, Myooye, Chona, Nachiluka, Kaindu, Kasalu, Chiwena, Bulungu, Shimbizhi Zones|40|40|40|40|40|MOE/LA
Enhance access to quality, equitable, and inclusive education|Promotion of the the Re-entry Policy|Conduct 120 Sensitization Meetings on Teenager Pregnancies and Early Marriages in 12 Zones|All schools in Nalubanda, Nambala, Sanje, Mumba, Myooye, Chona, Nachiluka, Kaindu, Kasalu, Chiwena, Bulungu, Shimbizhi Zones|40|40|40|38|0|MOE/LA
Enhance Food Security and Nutrition|Nutrition institutional governance strengthening|To Increase the Number of Schools Conducting MHM Lessons and CSE|All schools in Nalubanda, Nambala, Sanje, Mumba, Myooye, Chona, Nachiluka, Kaindu, Kasalu, Chiwena, Bulungu, Shimbizhi Zones|158|0|0|0|0|MOE/LA
Enhance Food Security and Nutrition|Nutrition institutional governance strengthening|Increase the Number of Schools Producing Vegetables and other Crops|All schools in Nalubanda, Nambala, Sanje, Mumba, Myooye, Chona, Nachiluka, Kaindu, Kasalu, Chiwena, Bulungu, Shimbizhi Zones|158|0|0|0|0|MOE/LA
Improve access to clean and safe water supply|Infrastructure Development and Maintenance|Drilling of Boreholes|Mpusu, Kalwanyembe, Kamilambo, Mumba, Makebo, Mupona, Lutale, Nambala, Nalusanga, Shichanzu, Naluvwi, Nalubanda, Choma, Keezwa, Chisalu, Nangoma, Nakasaka|20|20|20|20|20|LA
Improve access to clean and safe water supply|Infrastructure Development and Maintenance|Borehole Rehabilitation|Kabulwebulwe, Mulendema, Chibuluma, Kaindu, Shakumbila, Mumba, Moono|200|200|200|200|200|LA
Improve access to clean and safe water supply|Infrastructure Development and Maintenance|Borehole Mechanisation|Keezwa, Mpusu, Kaindu, Choma, Chisalu, Kalwanyembe,|10|10|10|10|10|LA
Improve access to clean and safe water supply|Infrastructure Development and Maintenance|Construction of Dams|Mulendema, Mumba, Kaindu, Namabanga, Muchabi, Nalubanda|0|1|2|2|1|LA
Improve access to clean and safe water supply|Infrastructure Development and Maintenance|Rehabilitation and Maintenance of Dams|Kandesha Mwambanabantu Kabwanga Myooye Nambulwe|0|2|1|1|1|LA
Improve access to clean and safe water supply|Water Quality Monitoring|Monitor Water Quality|All Water Points|1400|1400|1400|1400|1400|LA
Improve Sanitation Services|Sanitation and Hygiene Promotion|Monitor Community Led Total Sanitation Programmes|Kabulwebulwe, Mulendema, Chibuluma, Kaindu, Shakumbila, Mumba, Moono|1|2|2|1|1|LA
Improve Sanitation Services|Sanitation and Hygiene Promotion|Conduct Open Defecation Free Programmes|Kabulwebulwe, Mulendema, Chibuluma , Kaindu, Shakumbila, Mumba, Moono|1|2|2|1|1|LA
Improve Sanitation Services|Infrastructure Development and Maintenance|Construction of Ablution Blocks in Primary Schools|All schools in Nalubanda, Nambala, Sanje, Mumba, Myooye, Chona, Nachiluka, Kaindu, Kasalu, Chiwena, Bulungu, Shimbizhi Zones Hope,|14|14|14|14|14|LA/MOE
Improve Sanitation Services|Infrastructure Development and Maintenance||Chibuluma, Shakumbila, Nangoma, Kalenda and Kabwanga Secondary and Mumba and Chipo, Kashinka Primary||||||
Enhance welfare and livelihoods of poor and vulnerable people|Social Cash Transfer|Increase the number of beneficiaries on the Social cash transfer program from 7,332 to 8,532|Shimbizhi, Lutale, Choma, Mumba, Nambala, Kamilambo, Matala, Myooye, Chibolya, Nakasaka, Nalubanda, Nalusanga, Mupona, Nangoma, Keezwa, Naluvwi, Makebo, Sichanzu, Kalwanyembe, Mpusu, Chisalu|1915|2000|2000|2000|2000|Social Welfare
Enhance welfare and livelihoods of poor and vulnerable people|Public Welfare Assistance Scheme|Enhance Welfare and Livelihood of the Poor and Vulnerable People|Shimbizhi, Lutale, Choma, Mumba, Nambala, Kamilambo, Matala, Myooye, Chibolya, Nakasaka, Nalubanda, Nalusanga, Mupona, Nangoma, Keezwa, Naluvwi, Makebo, Sichanzu, Kalwanyembe, Mpusu, Chisalu|231|200|200|200|200|Social Welfare
Enhance welfare and livelihoods of poor and vulnerable people|Disability Services|Increase the Number of Person with Disabilities on Social Cash Transfer|Shimbizhi, Lutale, Choma, Mumba, Nambala, Kamilambo, Matala, Myooye, Chibolya, Nakasaka, Nalubanda, Nalusanga, Mupona, Nangoma, Keezwa, Naluvwi, Makebo, Sichanzu, Kalwanyembe, Mpusu, Chisalu|356|500|500|500|500|Social Welfare
Enhance welfare and livelihoods of poor and vulnerable people|Child Protection|Reduce Violence against Children and Vulnerability|Shimbizhi, Lutale, Choma, Mumba, Nambala, Kamilambo, Matala, Myooye, Chibolya, Nakasaka,|80|80|80|80|80|Social Welfare
Enhance welfare and livelihoods of poor and vulnerable people|Child Protection||Nalubanda, Nalusanga, Mupona, Nangoma, Keezwa, Naluvwi, Makebo, Sichanzu, Kalwanyembe, Mpusu, Chisalu||||||
Enhanced Welfare and Livelihood of Poor and Vulnerable People|Livelihood and Empowerment Schemes Decentralizatio n|Increase the Number of Beneficiaries and CSL groups|Shimbizhi, Lutale, Choma, Mumba, Nambala, Kamilambo, Matala, Myooye, Chibolya, Nakasaka, Nalubanda, Nalusanga, Mupona, Nangoma, Keezwa, Naluvwi, Makebo, Sichanzu, Kalwanyembe, Mpusu, Chisalu|80|120|240|360|480|Department of Community Developmen t
Enhanced Welfare and Livelihood of Poor and Vulnerable People|Livelihood and Empowerment Schemes Decentralizatio n|Women and Youth Empowerment Grants|Mupona and Nangoma Wards|61|75|150|300|450|Department of Community Developmen t
Enhanced Welfare and Livelihood of Poor and Vulnerable People|Disability Services|Increase the Number of People with Disabilities on the Food Support Programme|Shimbizhi, Lutale, Choma, Mumba, Nambala, Kamilambo, Matala, Myooye, Chibolya, Nakasaka, Nalubanda, Nalusanga, Mupona, Nangoma, Keezwa, Naluvwi, Makebo, Sichanzu, Kalwanyembe, Mpusu, Chisalu|72|144|216|288|360|Department of Community Developmen t
Enhanced Welfare and Livelihood of Poor and Vulnerable People|Self – Help initiatives|Increase the Number of Self Help Initiatives|Shimbizhi, Lutale, Choma, Mumba, Nambala, Kamilambo, Matala, Myooye, Chibolya, Nakasaka, Nalubanda, Nalusanga, Mupona, Nangoma, Keezwa, Naluvwi,|4|8|16|20|24|Department of Community Developmen t
Enhanced Welfare and Livelihood of Poor and Vulnerable People|Self – Help initiatives||Makebo, Sichanzu, Kalwanyembe, Mpusu, Chisalu||||||
Enhanced Welfare and Livelihood of Poor and Vulnerable People|Food Security Support|Increase the Number of Beneficiaries on Food Security Pack Program (FSP)|Shimbizhi, Lutale, Choma, Mumba, Nambala, Kamilambo, Matala, Myooye, Chibolya, Nakasaka, Nalubanda, Nalusanga, Mupona, Nangoma, Keezwa, Naluvwi, Makebo, Sichanzu, Kalwanyembe, Mpusu, Chisalu|1441|2882|4323|5764|7205|Department of Community Developmen t
Reduce Developmental Inequalities|Gender Equality|Increase the number of Economic and Social Empowerment for Women Clubs|Shimbizhi, Lutale, Choma, Mumba, Nambala, Kamilambo, Matala, Myooye, Chibolya, Nakasaka, Nalubanda, Nalusanga, Mupona, Nangoma, Keezwa, Naluvwi, Makebo, Sichanzu, Kalwanyembe, Mpusu, Chisalu|6|12|24|36|48|Department of Community Developmen t
Reduce Developmental Inequalities|Life Skills Development and Resilience Building|Train Women in Life Skills Development and Resilience Building|Nakasaka, Nalubanda, Nalusanga, Mupona, Nangoma, Keezwa, Naluvwi, Makebo, Sichanzu, Kalwanyembe, Mpusu, Chisalu|3|6|9|12|15|Department of Community Developmen t
Reduce Developmental Inequalities|Life Skills Development and Resilience Building|Train GBV Survivors in Entrepreneurship|Shimbizhi, Lutale, Choma, Mumba, Nambala, Kamilambo, Matala, Myooye, Chibolya, Nakasaka, Nalubanda, Nalusanga, Mupona, Nangoma, Keezwa, Naluvwi, Makebo, Sichanzu, Kalwanyembe, Mpusu, Chisalu|70|80|100|120|150|Department of Community Developmen t
