no|project_name|project_description|sector|type_of_project|project_site_location|status|comments|page_number|table_number|source_id|source_document|constituency|year|cdf_category|extraction_method
1|Completion of a Health post|Completion of a Health post at Kakumbi Village|Health|Completion|Kakumbi Vilaage|Slab Level|Not in IDP|1|1|cdf_not_approved_projects_mumbwa_2025|NOT-APPROVED-COMMUNITY-PROJECTS-MUMBWA.pdf|Mumbwa|2025|not_approved_community_projects|recreated_pdf
2|Contruction of 1*3 Classroom Block|Contruction of 1*3 Classroom Block at Mabele Primary School|Education|Construction|Mabele Primary School||Not enough funds.|1|1|cdf_not_approved_projects_mumbwa_2025|NOT-APPROVED-COMMUNITY-PROJECTS-MUMBWA.pdf|Mumbwa|2025|not_approved_community_projects|recreated_pdf
3|Water Reticulation System|Water Reticulation System at Nambala Rural Health Post|Water|Reticulation|Nambala Rural Health Post||Not enough funds.|1|1|cdf_not_approved_projects_mumbwa_2025|NOT-APPROVED-COMMUNITY-PROJECTS-MUMBWA.pdf|Mumbwa|2025|not_approved_community_projects|recreated_pdf
4|Construction of 1*3 Classroom Block|Construction of 1*3 Classroom Block at Kankunka|Education|Construction|Kankunka||APPROVED|1|1|cdf_not_approved_projects_mumbwa_2025|NOT-APPROVED-COMMUNITY-PROJECTS-MUMBWA.pdf|Mumbwa|2025|not_approved_community_projects|recreated_pdf
5|Construction of 1*3 Classroom Block|Construction of 1*3 Classroom Block at Mululi Primary School|Education|Construction|Mululi Primary School||Not enough funds.|1|1|cdf_not_approved_projects_mumbwa_2025|NOT-APPROVED-COMMUNITY-PROJECTS-MUMBWA.pdf|Mumbwa|2025|not_approved_community_projects|recreated_pdf
6|Construction of ECD Community School|Construction of ECD Community School in Mwandami Community|Education|Construction|Within Mwandami Community ECD||Not enough funds.|1|1|cdf_not_approved_projects_mumbwa_2025|NOT-APPROVED-COMMUNITY-PROJECTS-MUMBWA.pdf|Mumbwa|2025|not_approved_community_projects|recreated_pdf
7|Construction of a Market Shelter at Chipwemuka market.|Construction of a Market Shelter at Chipwemuka market - Kayumweyumwe Zone|Market|Construction|Kayumweyumwe Zone||Not enough funds.|1|1|cdf_not_approved_projects_mumbwa_2025|NOT-APPROVED-COMMUNITY-PROJECTS-MUMBWA.pdf|Mumbwa|2025|not_approved_community_projects|recreated_pdf
8|Construction of a Girls Domitory|Construction of a Girls Domitory at Moomba Primary School|Education|Construction|Moomba Primary School||Not enough funds.|1|1|cdf_not_approved_projects_mumbwa_2025|NOT-APPROVED-COMMUNITY-PROJECTS-MUMBWA.pdf|Mumbwa|2025|not_approved_community_projects|recreated_pdf
9|Construction of 1*3 Classroom Block|Construction of 1*3 Classroom Block at Annie-Scott Community School|Education|Construction|Annie-Scott Community School||Not enough funds.|1|1|cdf_not_approved_projects_mumbwa_2025|NOT-APPROVED-COMMUNITY-PROJECTS-MUMBWA.pdf|Mumbwa|2025|not_approved_community_projects|recreated_pdf
10|Construction of a 1*3 Classroom Block Block|Construction of a 1*3 Classroom Block Block at Mumba Primary School|Education|Construction|Mumba Primary School||Not enough funds.|1|1|cdf_not_approved_projects_mumbwa_2025|NOT-APPROVED-COMMUNITY-PROJECTS-MUMBWA.pdf|Mumbwa|2025|not_approved_community_projects|recreated_pdf
11|Construction of a Health Post|Construction of a Health Post in Mintuntu Zone|Health|Construction|Mintuntu Community||Not enough funds.|1|1|cdf_not_approved_projects_mumbwa_2025|NOT-APPROVED-COMMUNITY-PROJECTS-MUMBWA.pdf|Mumbwa|2025|not_approved_community_projects|recreated_pdf
12|Construction of 1*3 Classroom Block|Construction of 1*3 Classroom Block at Kandesha Primary School|Education|Construction|Kandesha Primary||Not enough funds.|1|1|cdf_not_approved_projects_mumbwa_2025|NOT-APPROVED-COMMUNITY-PROJECTS-MUMBWA.pdf|Mumbwa|2025|not_approved_community_projects|recreated_pdf
13|Drilling of boreholes around the Ward|Drilling of boreholes around the Ward in Shimbizhi Ward|Water|Reticulation|Shimbizhi Ward||Not enough funds.|1|1|cdf_not_approved_projects_mumbwa_2025|NOT-APPROVED-COMMUNITY-PROJECTS-MUMBWA.pdf|Mumbwa|2025|not_approved_community_projects|recreated_pdf
14|Construction of 1*2 Class Room Block at Malombe Primary School|Construction of 1*2 Class Room Block at Malombe Primary School|Education|Construction|Malombe Primary School||APPROVED|1|1|cdf_not_approved_projects_mumbwa_2025|NOT-APPROVED-COMMUNITY-PROJECTS-MUMBWA.pdf|Mumbwa|2025|not_approved_community_projects|recreated_pdf
15|Construction of 1*3 Classroom Block|Construction of 1*3 Classroom Block at Kaunga Primary School|Education|Construction|Kaunga Primary School||Not enough funds.|2|1|cdf_not_approved_projects_mumbwa_2025|NOT-APPROVED-COMMUNITY-PROJECTS-MUMBWA.pdf|Mumbwa|2025|not_approved_community_projects|recreated_pdf
16|Completion of Health post|Completion of a Health post at Mpusu Rural Health Post|Health|Construction|Mpusu Rural Health Post||Not enough funds.|2|1|cdf_not_approved_projects_mumbwa_2025|NOT-APPROVED-COMMUNITY-PROJECTS-MUMBWA.pdf|Mumbwa|2025|not_approved_community_projects|recreated_pdf
17|Construction of 1*3 Classroomblock|Construction of 1*3 Class Room Block at Itumbwe Community School.|Education|Construction|Itumbwe Community School||Not enough funds.|2|1|cdf_not_approved_projects_mumbwa_2025|NOT-APPROVED-COMMUNITY-PROJECTS-MUMBWA.pdf|Mumbwa|2025|not_approved_community_projects|recreated_pdf
18|Construction of 1*3 Classroom Block|Construction of 1*3 Classroom Block at Kamilambo|Education|Construction|Kamilambo||APPROVED|2|1|cdf_not_approved_projects_mumbwa_2025|NOT-APPROVED-COMMUNITY-PROJECTS-MUMBWA.pdf|Mumbwa|2025|not_approved_community_projects|recreated_pdf
19|Construction of a Health Post|Construction of a Health Post in Nkulumazhiba Zone|Health|Construction|Nkulumazhiba Zone||Not enough funds.|2|1|cdf_not_approved_projects_mumbwa_2025|NOT-APPROVED-COMMUNITY-PROJECTS-MUMBWA.pdf|Mumbwa|2025|not_approved_community_projects|recreated_pdf
20|Grading of Roads|Grading of Roads in Musukamabwe Community|Roads|Grading|Musukamabwe Zone||Not enough funds.|2|1|cdf_not_approved_projects_mumbwa_2025|NOT-APPROVED-COMMUNITY-PROJECTS-MUMBWA.pdf|Mumbwa|2025|not_approved_community_projects|recreated_pdf
21|Construction of 1*3 Classroom Block|Construction of 1*3 Classroom Block at Muyaya Community School|Education|Construction|Nkulumazhiba Community School||Not enough funds.|2|1|cdf_not_approved_projects_mumbwa_2025|NOT-APPROVED-COMMUNITY-PROJECTS-MUMBWA.pdf|Mumbwa|2025|not_approved_community_projects|recreated_pdf
22|Construction of Teachers Staff House|Construction of Teachers Staff House at Chisenga Community School.|Education|Construction|Chisenga||Not enough funds.|2|1|cdf_not_approved_projects_mumbwa_2025|NOT-APPROVED-COMMUNITY-PROJECTS-MUMBWA.pdf|Mumbwa|2025|not_approved_community_projects|recreated_pdf
23|Construction of 1*3 Classroom Block|Construction of 1*3 Classroom Block in Kapeshi Village- Chungu Area|Education|Construction|Kapeshi Village- Chunga Area||Not enough funds.|2|1|cdf_not_approved_projects_mumbwa_2025|NOT-APPROVED-COMMUNITY-PROJECTS-MUMBWA.pdf|Mumbwa|2025|not_approved_community_projects|recreated_pdf
24|Grading of Roads|Grading of Roads in Kawena Zone|Roads|Grading|Kawena Zone||APPROVED|2|1|cdf_not_approved_projects_mumbwa_2025|NOT-APPROVED-COMMUNITY-PROJECTS-MUMBWA.pdf|Mumbwa|2025|not_approved_community_projects|recreated_pdf
25|Construction of Malungu Bwaangwa Bridge &Grading, Water Challanges|Construction of Malungu Bwaangwa Bridge &Grading, Water Challanges|Roads|Construction|Malungu Community||Not enough funds.|2|1|cdf_not_approved_projects_mumbwa_2025|NOT-APPROVED-COMMUNITY-PROJECTS-MUMBWA.pdf|Mumbwa|2025|not_approved_community_projects|recreated_pdf
26|Drilling of boreholes around the Ward|Drilling of boreholes around the Ward|Water|Drilling & installation|All Zones||Not enough funds.|2|1|cdf_not_approved_projects_mumbwa_2025|NOT-APPROVED-COMMUNITY-PROJECTS-MUMBWA.pdf|Mumbwa|2025|not_approved_community_projects|recreated_pdf
27|Construction of a Girls Domitory & VIP Toilets|Construction of a Girls Domitory & VIP Toilets Chibuluma Secondary School|Education|Construction|Chibuluma Secondary School||Not enough funds.|2|1|cdf_not_approved_projects_mumbwa_2025|NOT-APPROVED-COMMUNITY-PROJECTS-MUMBWA.pdf|Mumbwa|2025|not_approved_community_projects|recreated_pdf
28|Completion of Kabalwa Rural Health Post|Completion of Kabalwa Rural Health Post in Chilolyo Ward|Health|Completion|Kabalwa Rural Health Post||APPROVED|2|1|cdf_not_approved_projects_mumbwa_2025|NOT-APPROVED-COMMUNITY-PROJECTS-MUMBWA.pdf|Mumbwa|2025|not_approved_community_projects|recreated_pdf
29|Construction of Ablution Block, 1*3 Classroom Block and 3 Staff Houses at Nakanjoli Primary School|Construction of Ablution Block, 1*3 Classroom Block and 3 Staff Houses at Nakanjoli Primary School|Education|Construction|Nakanjoli Primary School||Not enough funds.|2|1|cdf_not_approved_projects_mumbwa_2025|NOT-APPROVED-COMMUNITY-PROJECTS-MUMBWA.pdf|Mumbwa|2025|not_approved_community_projects|recreated_pdf
30|Completion of 2*2 Classroom Block & Rehabilitation of 1 Staff House|Completion of 2*2 Classroom Block & Rehabilitation of 1 Staff House Kangomba Primary School|Education|Completion|Kangomba Primary School||Not enough funds.|3|1|cdf_not_approved_projects_mumbwa_2025|NOT-APPROVED-COMMUNITY-PROJECTS-MUMBWA.pdf|Mumbwa|2025|not_approved_community_projects|recreated_pdf
31|Construction of Staff House|Construction of a Staff House at Kalunzyu Primary School|Education|Construction|Kalunzyu Primary School||Not enough funds.|3|1|cdf_not_approved_projects_mumbwa_2025|NOT-APPROVED-COMMUNITY-PROJECTS-MUMBWA.pdf|Mumbwa|2025|not_approved_community_projects|recreated_pdf
32|Construction of 1*3 CRB|Construction of 1*3 CRB Mutenda Community School|Education|Construction|Mutenda Community School||Not enough funds.|3|1|cdf_not_approved_projects_mumbwa_2025|NOT-APPROVED-COMMUNITY-PROJECTS-MUMBWA.pdf|Mumbwa|2025|not_approved_community_projects|recreated_pdf
33|Construction of a Rural Health Post|Construction of a Rural Health Post in Moobe Community|Health|Construction|Moobe Zone||Not enough funds.|3|1|cdf_not_approved_projects_mumbwa_2025|NOT-APPROVED-COMMUNITY-PROJECTS-MUMBWA.pdf|Mumbwa|2025|not_approved_community_projects|recreated_pdf
34|Drilling of 5 boreholes around the Community|Drilling of 5 boreholes around the Community in Mwananduba Village|Water|Drilling & installation|Mwananduba Village||Not enough funds.|3|1|cdf_not_approved_projects_mumbwa_2025|NOT-APPROVED-COMMUNITY-PROJECTS-MUMBWA.pdf|Mumbwa|2025|not_approved_community_projects|recreated_pdf
35|Construction of 1*3 Classroom Block|Construction of 1*3 Classroom Block at Muleke Primary School|Education|Construction|Muleke Primary School||Not enough funds.|3|1|cdf_not_approved_projects_mumbwa_2025|NOT-APPROVED-COMMUNITY-PROJECTS-MUMBWA.pdf|Mumbwa|2025|not_approved_community_projects|recreated_pdf
36|Drilling of a Borehole|Drilling of a Borehole at Kanshinka Primary School|Education|Drilling & installation|Kanshinka Primary School||Not enough funds.|3|1|cdf_not_approved_projects_mumbwa_2025|NOT-APPROVED-COMMUNITY-PROJECTS-MUMBWA.pdf|Mumbwa|2025|not_approved_community_projects|recreated_pdf
37|Construction of a Maternity Labour Ward|Construction of a Maternity Labour Ward|Health|Construction|Kanshinka Rural Health Post||Not enough funds.|3|1|cdf_not_approved_projects_mumbwa_2025|NOT-APPROVED-COMMUNITY-PROJECTS-MUMBWA.pdf|Mumbwa|2025|not_approved_community_projects|recreated_pdf
38|Construction of Rural Heath|Construction of a Rural Health in Mukanda Zone - Mwanang'umbwe Village|Health|Construction|Mwanang'umbwe Village||Not enough funds.|3|1|cdf_not_approved_projects_mumbwa_2025|NOT-APPROVED-COMMUNITY-PROJECTS-MUMBWA.pdf|Mumbwa|2025|not_approved_community_projects|recreated_pdf
39|Construction of a Maternity Wing & Water Reticulation System|Construction of a Maternity Wing & Water Reticulation System at Kabwanga Rural Health post|Health|Construction & Reticulation|Kabwanga Rural Health Post||APPROVED|3|1|cdf_not_approved_projects_mumbwa_2025|NOT-APPROVED-COMMUNITY-PROJECTS-MUMBWA.pdf|Mumbwa|2025|not_approved_community_projects|recreated_pdf
40|Construction of a Farmer Training Centre (FTC)|Construction of a Farmer Training Centre (FTC) at Kanshinka Agricultural Camp|Agriculture|Construction|Kanshinka Agricultural Camp||Not enough funds.|3|1|cdf_not_approved_projects_mumbwa_2025|NOT-APPROVED-COMMUNITY-PROJECTS-MUMBWA.pdf|Mumbwa|2025|not_approved_community_projects|recreated_pdf
41|Construction of Teachers Staff House|Construction of Teachers Staff House|Education|Construction|Kalenda Primary School||APPROVED|3|1|cdf_not_approved_projects_mumbwa_2025|NOT-APPROVED-COMMUNITY-PROJECTS-MUMBWA.pdf|Mumbwa|2025|not_approved_community_projects|recreated_pdf
42|Road Rehabilitation|Road Rehabilitation in Kalwanyembe Ward|Roads|Grading|Kalwanyembe Community||Not enough funds.|3|1|cdf_not_approved_projects_mumbwa_2025|NOT-APPROVED-COMMUNITY-PROJECTS-MUMBWA.pdf|Mumbwa|2025|not_approved_community_projects|recreated_pdf
43|Construction of 1*3 Classroom Block|Construction of 1*3 Classroom Block at Kitumba Community School|Education|Construction|Kitumba Community School||APPROVED|3|1|cdf_not_approved_projects_mumbwa_2025|NOT-APPROVED-COMMUNITY-PROJECTS-MUMBWA.pdf|Mumbwa|2025|not_approved_community_projects|recreated_pdf
44|Construction of a Secondary School|Construction of a Secondary School at Bulungu day School|Education|Construction|Bulungu Secondary School||Not enough funds.|3|1|cdf_not_approved_projects_mumbwa_2025|NOT-APPROVED-COMMUNITY-PROJECTS-MUMBWA.pdf|Mumbwa|2025|not_approved_community_projects|recreated_pdf
45|Construction of an urban clinic|construction of an urban clinic maternity annex|Health|Construction|Mumbwa||Not enough funds.|4|1|cdf_not_approved_projects_mumbwa_2025|NOT-APPROVED-COMMUNITY-PROJECTS-MUMBWA.pdf|Mumbwa|2025|not_approved_community_projects|recreated_pdf
46|Construction of a community School|Construction of a 1x3 class room block school at Shikatundwe|Education|Construction|Shikatundwe Primary School||Not enough funds.|4|1|cdf_not_approved_projects_mumbwa_2025|NOT-APPROVED-COMMUNITY-PROJECTS-MUMBWA.pdf|Mumbwa|2025|not_approved_community_projects|recreated_pdf
47|Construction of a Correctional Facility School|Construction of a 1X3 Class room at Mumbwa Correctional facility|Security|Construction|Mumbwa Correctional centre||Not enough funds.|4|1|cdf_not_approved_projects_mumbwa_2025|NOT-APPROVED-COMMUNITY-PROJECTS-MUMBWA.pdf|Mumbwa|2025|not_approved_community_projects|recreated_pdf
48|Eletrification of a school|Electrification of Chipo Primary|Energy|Electrification|Munengo area/Mumbwa||Not enough funds.|4|1|cdf_not_approved_projects_mumbwa_2025|NOT-APPROVED-COMMUNITY-PROJECTS-MUMBWA.pdf|Mumbwa|2025|not_approved_community_projects|recreated_pdf
49|Construction of a primary school|Construction of a 1x3 class room block school at Bulungu|Education|Construction|Bulungu||Not enough funds.|4|1|cdf_not_approved_projects_mumbwa_2025|NOT-APPROVED-COMMUNITY-PROJECTS-MUMBWA.pdf|Mumbwa|2025|not_approved_community_projects|recreated_pdf
50|construction of a 1x4 classroom/administration|Construction of a 1x4 Classroom/Administration at Makasa School|Education|Construction|Makasa School/Mumbwa||Not enough funds.|4|1|cdf_not_approved_projects_mumbwa_2025|NOT-APPROVED-COMMUNITY-PROJECTS-MUMBWA.pdf|Mumbwa|2025|not_approved_community_projects|recreated_pdf
51|Construction of Vet offices/Laboratory|Construction of Vet offices/Laboratory|Fisheries, Livestock and Veterinery serves|Construction|Veterinery offices/Muumbwa||CANCELLED & RESCOPED|4|1|cdf_not_approved_projects_mumbwa_2025|NOT-APPROVED-COMMUNITY-PROJECTS-MUMBWA.pdf|Mumbwa|2025|not_approved_community_projects|recreated_pdf
52|Rehabilitation of 1*4 Classroom Block and 3 Staff Houses at Katele Primary School|Rehabilitation of 1*4 Classroom Block and 3 Staff Houses at Katele Primary School|Education|Construction|Katele Primary School||Not enough funds.|4|1|cdf_not_approved_projects_mumbwa_2025|NOT-APPROVED-COMMUNITY-PROJECTS-MUMBWA.pdf|Mumbwa|2025|not_approved_community_projects|recreated_pdf
53|Connecting of Lusekelo Primary School & Chankwankwa Rural Health Centre to the National Grid|Connecting of Lusekelo Primary School & Chankwankwa Rural Health Centre to the National Grid|Energy|Electrification|Lusekelo Primary school & Chankwankwa Rural Health Centre||Not enough funds.|4|1|cdf_not_approved_projects_mumbwa_2025|NOT-APPROVED-COMMUNITY-PROJECTS-MUMBWA.pdf|Mumbwa|2025|not_approved_community_projects|recreated_pdf
54|Grading & Gravelling of 22 Km Lutale Road|Grading & Gravelling of 22 Km Lutale Road|Roads|Grading|||Not enough funds.|4|1|cdf_not_approved_projects_mumbwa_2025|NOT-APPROVED-COMMUNITY-PROJECTS-MUMBWA.pdf|Mumbwa|2025|not_approved_community_projects|recreated_pdf
55|Construction of a Health Post in Mapoko|Construction of a Health Post in Mapoko|Health|Construction|Mapoko||Not enough funds.|4|1|cdf_not_approved_projects_mumbwa_2025|NOT-APPROVED-COMMUNITY-PROJECTS-MUMBWA.pdf|Mumbwa|2025|not_approved_community_projects|recreated_pdf
56|Construction of the office of the Member of Parliament Office|Construction of Member of Parliament office|Governance|Construction|MPs office||Not enough funds.|4|1|cdf_not_approved_projects_mumbwa_2025|NOT-APPROVED-COMMUNITY-PROJECTS-MUMBWA.pdf|Mumbwa|2025|not_approved_community_projects|recreated_pdf
57|Additional funding for 2.4Km road drainage|Additional funding for 2.4Km road drainage|Roads|Construction|Mupona||Not enough funds.|4|1|cdf_not_approved_projects_mumbwa_2025|NOT-APPROVED-COMMUNITY-PROJECTS-MUMBWA.pdf|Mumbwa|2025|not_approved_community_projects|recreated_pdf
58|Procurement of Roller Compactor|Procurement of Roller Compactor|Roads|Procurement|Police station||APPROVED|4|1|cdf_not_approved_projects_mumbwa_2025|NOT-APPROVED-COMMUNITY-PROJECTS-MUMBWA.pdf|Mumbwa|2025|not_approved_community_projects|recreated_pdf
59|Erection of a wire fence for the community radio station|Erection of wire fence|Information|Erection & installation|Wire Fence||Not enough funds.|4|1|cdf_not_approved_projects_mumbwa_2025|NOT-APPROVED-COMMUNITY-PROJECTS-MUMBWA.pdf|Mumbwa|2025|not_approved_community_projects|recreated_pdf
