no|project_name|project_description|sector|type_of_project|province|district|constituency|ward|zone|project_site_location|comments|page_number|table_number|source_id|source_document|year|cdf_category|extraction_method
1|Drilling of a Borehole|Drilling of a Borehole in Muswela Village|Water|Drilling & Installation|Central|Mumbwa|Nangoma|Sichanzu|Malima|Muswela Village|In the IDP|1|1|cdf_not_approved_projects_nangoma_2025|NOT-APPROVED-COMMUNITY-PROJECTS-NANGOMA.pdf|2025|not_approved_community_projects|recreated_pdf
2|Drilling of a Borehole|Drilling of a Borehole in Munyelele|Water|Drilling & Installation|Central|Mumbwa|Nangoma|Sichanzu|Malima|Munyelele Community|In the IDP|1|1|cdf_not_approved_projects_nangoma_2025|NOT-APPROVED-COMMUNITY-PROJECTS-NANGOMA.pdf|2025|not_approved_community_projects|recreated_pdf
3|Drilling of a Borehole|Drilling of a Borehole in Mweemba B. Community at Anold Area|Water|Drilling & Installation|Central|Mumbwa|Nangoma|Sichanzu|Munkolo|Mweemba B. Community at Anold Area|In the IDP|1|1|cdf_not_approved_projects_nangoma_2025|NOT-APPROVED-COMMUNITY-PROJECTS-NANGOMA.pdf|2025|not_approved_community_projects|recreated_pdf
4|Drilling of a Borehole|Drilling of a Borehole in Makala Village - Manyongo Village|Water|Drilling & Installation|Central|Mumbwa|Nangoma|Sichanzu|Choombwa|Makala Village-Manyongo Area|Prioritization and not enough funds|1|1|cdf_not_approved_projects_nangoma_2025|NOT-APPROVED-COMMUNITY-PROJECTS-NANGOMA.pdf|2025|not_approved_community_projects|recreated_pdf
5|Drilling of a Borehole|Drilling of a Borehole in Mwaangu Village ( Trywell's Area)|Water|Drilling & Installation|Central|Mumbwa|Nangoma|Sichanzu|Choombwa|Mwaangu Village (Trywell's Area)|Prioritization and not enough funds|1|1|cdf_not_approved_projects_nangoma_2025|NOT-APPROVED-COMMUNITY-PROJECTS-NANGOMA.pdf|2025|not_approved_community_projects|recreated_pdf
6|Drilling of a Borehole|Drilling of a Borehole in Ntalasha Village|Water|Drilling & Installation|Central|Mumbwa|Nangoma|Sichanzu|Munkolo|Ntalasha West|Prioritization and not enough funds|1|1|cdf_not_approved_projects_nangoma_2025|NOT-APPROVED-COMMUNITY-PROJECTS-NANGOMA.pdf|2025|not_approved_community_projects|recreated_pdf
7|Drilling of a Borehole|Drilling of a Borehole in Choongwe Village Community|Water|Drilling & Installation|Central|Mumbwa|Nangoma|Sichanzu|Malima|Choongwe Village|Prioritization and not enough funds|1|1|cdf_not_approved_projects_nangoma_2025|NOT-APPROVED-COMMUNITY-PROJECTS-NANGOMA.pdf|2025|not_approved_community_projects|recreated_pdf
8|Drilling of a Solar Powered Borehole|Drilling of a Solar Powered Borehole in Shambeta Community (David Pali's Area)|Water|Drilling & Installation|Central|Mumbwa|Nangoma|Sichanzu|Namabanga|Shambeta Community|Prioritization and not enough funds|1|1|cdf_not_approved_projects_nangoma_2025|NOT-APPROVED-COMMUNITY-PROJECTS-NANGOMA.pdf|2025|not_approved_community_projects|recreated_pdf
9|Drilling of a Water Pump Project|Drilling of a Water Pump Project in Shabwando Village|Water|Drilling & Installation|Central|Mumbwa|Nangoma|Sichanzu|Malima|Shabwando Village|Prioritization and not enough funds|1|1|cdf_not_approved_projects_nangoma_2025|NOT-APPROVED-COMMUNITY-PROJECTS-NANGOMA.pdf|2025|not_approved_community_projects|recreated_pdf
10|Drilling of a Borehole|Drilling of a Borehole in Lukanga Village|Water|Drilling & Installation|Central|Mumbwa|Nangoma|Sichanzu|Malima|Lukanga Village|Prioritization and not enough funds|1|1|cdf_not_approved_projects_nangoma_2025|NOT-APPROVED-COMMUNITY-PROJECTS-NANGOMA.pdf|2025|not_approved_community_projects|recreated_pdf
11|Construction of a Maternity Annex & 2 Staff Houses|Construction of a Maternity Annex & 2 Staff Houses at Namabanga Health Post|Health|Construction|Central|Mumbwa|Nangoma|Sichanzu|Namabanga|Namabanga Health Post|Not enough funds|1|1|cdf_not_approved_projects_nangoma_2025|NOT-APPROVED-COMMUNITY-PROJECTS-NANGOMA.pdf|2025|not_approved_community_projects|recreated_pdf
12|Construction of 1*3 Classroom Block & Staff House|Construction of 1*3 Classroom Block & Staff House at Sichanzu Community School|Education|Construction|Central|Mumbwa|Nangoma|Sichanzu|Malima|Sichanzu Community School|Not enough funds|2|1|cdf_not_approved_projects_nangoma_2025|NOT-APPROVED-COMMUNITY-PROJECTS-NANGOMA.pdf|2025|not_approved_community_projects|recreated_pdf
13|Construction of 1*2 Classroom Block|Construction of 1*3 Classroom Block at Namabanga Primary School|Education|Construction|Central|Mumbwa|Nangoma|Sichanzu|Namabanga|Namabanga Community School|Not enough funds|2|1|cdf_not_approved_projects_nangoma_2025|NOT-APPROVED-COMMUNITY-PROJECTS-NANGOMA.pdf|2025|not_approved_community_projects|recreated_pdf
14|Construction of 1*3 Classroom Block|Construction of 1*3 Classroom Block at Moola Community School|Education|Construction|Central|Mumbwa|Nangoma|Sichanzu|Choombwa|Moola Community School|Not enough funds|2|1|cdf_not_approved_projects_nangoma_2025|NOT-APPROVED-COMMUNITY-PROJECTS-NANGOMA.pdf|2025|not_approved_community_projects|recreated_pdf
15|Drilling of a Borehole|Drilling of a Borehole in Nalwali Village (Chitumbo Area)|Water|Drilling & Installation|Central|Mumbwa|Nangoma|Sichanzu|Choombwa|Chitumbo Village|Not enough funds|2|1|cdf_not_approved_projects_nangoma_2025|NOT-APPROVED-COMMUNITY-PROJECTS-NANGOMA.pdf|2025|not_approved_community_projects|recreated_pdf
16|Drilling of a Borehole|Drilling of a Borehole in Chikwanka Village|Water|Drilling & Installation|Central|Mumbwa|Nangoma|Sichanzu|Choombwa|Chikwanka Village|Not enough funds|2|1|cdf_not_approved_projects_nangoma_2025|NOT-APPROVED-COMMUNITY-PROJECTS-NANGOMA.pdf|2025|not_approved_community_projects|recreated_pdf
17|Drilling of a Borehole|Drilling of a Borehole in Shichimenze Village|Water|Drilling & Installation|Central|Mumbwa|Nangoma|Sichanzu|Choombwa|Shichimenze Village (Makwenda Area|Not enough funds|2|1|cdf_not_approved_projects_nangoma_2025|NOT-APPROVED-COMMUNITY-PROJECTS-NANGOMA.pdf|2025|not_approved_community_projects|recreated_pdf
18|Construction of a Semi - Detached House|Construction of a Semi - Detached House at Mukupi Primary School|Education|Construction|Central|Mumbwa|Nangoma|Myooye|Mukupi|Mukupi Primary School|Not enough funds|2|1|cdf_not_approved_projects_nangoma_2025|NOT-APPROVED-COMMUNITY-PROJECTS-NANGOMA.pdf|2025|not_approved_community_projects|recreated_pdf
19|Construction of 1*3 Classroom Block|Construction of 1*3 Classroom Block at Shimunungu Primary School|Education|Construction|Central|Mumbwa|Nangoma|Myooye|Shimunungu|Shimunungu Primary School|Not enough funds|2|1|cdf_not_approved_projects_nangoma_2025|NOT-APPROVED-COMMUNITY-PROJECTS-NANGOMA.pdf|2025|not_approved_community_projects|recreated_pdf
20|Construction of 1*3 Classroom Block|Construction of 1*3 Classroom Block at Tiina Community School|Education|Construction|Central|Mumbwa|Nangoma|Myooye|Shimunungu|Tiina Community School|Not enough funds|2|1|cdf_not_approved_projects_nangoma_2025|NOT-APPROVED-COMMUNITY-PROJECTS-NANGOMA.pdf|2025|not_approved_community_projects|recreated_pdf
21|Construction of 4 VIP latrines|Construction of 4 VIP latrines at Myooye Clinic|Health|Construction|Central|Mumbwa|Nangoma|Myooye|Myooye|Myooye Clinic|Not enough funds|2|1|cdf_not_approved_projects_nangoma_2025|NOT-APPROVED-COMMUNITY-PROJECTS-NANGOMA.pdf|2025|not_approved_community_projects|recreated_pdf
22|Construction of 1*3 Classroom Block|Construction of 1*3 Classroom Block at Shimumbu community school|Education|Construction|Central|Mumbwa|Nangoma|Myooye|Shimumbu|Shimumbu community school|Not enough funds|2|1|cdf_not_approved_projects_nangoma_2025|NOT-APPROVED-COMMUNITY-PROJECTS-NANGOMA.pdf|2025|not_approved_community_projects|recreated_pdf
23|Rehabilitation of ward block|Rehabilitation of ward block at myooye clinic|Health|Rehabilitation|Central|Mumbwa|Nangoma|Myooye|Myooye|Myooye Rural Health Post|Not enough funds|2|1|cdf_not_approved_projects_nangoma_2025|NOT-APPROVED-COMMUNITY-PROJECTS-NANGOMA.pdf|2025|not_approved_community_projects|recreated_pdf
24|Reticulation of a commercial borehole|Renticulation of a commercial borehole at Mukupi Community|Water|Reticulation|Central|Mumbwa|Nangoma|Myooye|Mukupi|Mukupi Community|APPROVED|2|1|cdf_not_approved_projects_nangoma_2025|NOT-APPROVED-COMMUNITY-PROJECTS-NANGOMA.pdf|2025|not_approved_community_projects|recreated_pdf
25|water reticulation|Water reticulation at Nachibila primary school|Education|Reticulation|central|mumbwa|Nangoma|myooye|Nachibila|Nachibila primary school|Not enough funds|3|1|cdf_not_approved_projects_nangoma_2025|NOT-APPROVED-COMMUNITY-PROJECTS-NANGOMA.pdf|2025|not_approved_community_projects|recreated_pdf
26|Construction of boys dormitory|Construction of boys dormitory at myooye secondary school at Kayanza community school|Education|Construction|Central|Mumbwa|Nangoma|Myooye|Myooye|myooye secondary school|Not enough funds|3|1|cdf_not_approved_projects_nangoma_2025|NOT-APPROVED-COMMUNITY-PROJECTS-NANGOMA.pdf|2025|not_approved_community_projects|recreated_pdf
27|Spray lace renovations|Spray lace renovations at Cheela village community|Livestock & veterinary|Rehabilitation|Central|Mumbwa|Nangoma|Myooye|Myooye|Cheela village community|Not enough funds|3|1|cdf_not_approved_projects_nangoma_2025|NOT-APPROVED-COMMUNITY-PROJECTS-NANGOMA.pdf|2025|not_approved_community_projects|recreated_pdf
28|Construction of 1*3 Classroom Block|Construction of 1*3 Classroom Block at myooye primary school|Education|Construction|Central|Mumbwa|Nangoma|Myooye|Myooye|myooye primary school|Not enough funds|3|1|cdf_not_approved_projects_nangoma_2025|NOT-APPROVED-COMMUNITY-PROJECTS-NANGOMA.pdf|2025|not_approved_community_projects|recreated_pdf
29|drilling of 10 boreholes|drilling of 10 boreholes at shimumbu,mukupi, myooye,and nachibila communites|Water|Drilling & Installation|Central|Mumbwa|Nangoma|Myooye|myooye|commuity|Not enough funds|3|1|cdf_not_approved_projects_nangoma_2025|NOT-APPROVED-COMMUNITY-PROJECTS-NANGOMA.pdf|2025|not_approved_community_projects|recreated_pdf
30|completion of 3 staff house and construction of 1x3 classroom block|completion of 3 staff house and construction of 1x3 classroom block at Shakumbila Primary school|Education|Construction & Completion|Central|Mumbwa|Nangoma|Chisalu|shakumbila|shakumbila primary school|Not enough funds|3|1|cdf_not_approved_projects_nangoma_2025|NOT-APPROVED-COMMUNITY-PROJECTS-NANGOMA.pdf|2025|not_approved_community_projects|recreated_pdf
31|Construction of 1*3 Classroom Block|Construction of 1*3 Classroom Block at Mukunki primary school|Education|Construction|Central|Mumbwa|Nangoma|Chisalu|myooye|Mukunki primary school|Not enough funds|3|1|cdf_not_approved_projects_nangoma_2025|NOT-APPROVED-COMMUNITY-PROJECTS-NANGOMA.pdf|2025|not_approved_community_projects|recreated_pdf
32|Construction of 1*3 Classroom Block|Construction of 1*3 Classroom Block at shakumbila seconary school|Education|Construction|Central|Mumbwa|Nangoma|Chisalu|shakumbila|shakumbila primary school|Not enough funds|3|1|cdf_not_approved_projects_nangoma_2025|NOT-APPROVED-COMMUNITY-PROJECTS-NANGOMA.pdf|2025|not_approved_community_projects|recreated_pdf
33|Construction of 1*3 Classroom Block|Construction of 1*3 Classroom Block at Shalom community school|Education|Construction|Central|Mumbwa|Nangoma|Chisalu|shakumbila|Shalom community school|Not enough funds|3|1|cdf_not_approved_projects_nangoma_2025|NOT-APPROVED-COMMUNITY-PROJECTS-NANGOMA.pdf|2025|not_approved_community_projects|recreated_pdf
34|Rehabilitation of 2 Classroom Blocks|Rehabilitation of 2 Classroom Blocks at Moombeluele Primary School|Education|Rehabilitation|Central|Mumbwa|Nangoma|Chisalu|Nachilumbi|Moombeluele Primary School|Not enough funds|3|1|cdf_not_approved_projects_nangoma_2025|NOT-APPROVED-COMMUNITY-PROJECTS-NANGOMA.pdf|2025|not_approved_community_projects|recreated_pdf
35|Rehabilitation of 2 Classroom Blocks|Rehabilitation of 2 Classroom Blocks at Moombeluele Primary School|Education||Central|Mumbwa|Nangoma|Chisalu|Nachilumbi|Moombeluele Primary School|Not enough funds|4|1|cdf_not_approved_projects_nangoma_2025|NOT-APPROVED-COMMUNITY-PROJECTS-NANGOMA.pdf|2025|not_approved_community_projects|recreated_pdf
36|Construction of Maternity wing|Construction of Maternity wing|health|Construction|Central|Mumbwa|Nangoma|Chisalu|Shakumbila|Shakumbila clinic|Not enough funds|4|1|cdf_not_approved_projects_nangoma_2025|NOT-APPROVED-COMMUNITY-PROJECTS-NANGOMA.pdf|2025|not_approved_community_projects|recreated_pdf
37|Construction of 1*3 Art Staff Room|Construction of 1*3 Art Staff Room at Keezwa Rural Health Post|Health|Construction|Central|Mumbwa|Nangoma|Keezwa|Keezwa|Keezwa Health Post|Not enough funds|4|1|cdf_not_approved_projects_nangoma_2025|NOT-APPROVED-COMMUNITY-PROJECTS-NANGOMA.pdf|2025|not_approved_community_projects|recreated_pdf
38|Drilling a Borehole|Drilling a Borehole in Munashintule B, Kabwele & Chipwaya B Village|Water|Drilling & Installation|Central|Mumbwa|Nangoma|Keezwa|Keezwa|Munashintule B, Kabwele & Chipwaya Village|Not enough funds|4|1|cdf_not_approved_projects_nangoma_2025|NOT-APPROVED-COMMUNITY-PROJECTS-NANGOMA.pdf|2025|not_approved_community_projects|recreated_pdf
39|Drilling of 2 Boreholes|Drilling of 2 Boreholes in Mukubu & Mukubani Village|Water|Drilling & Installation|Central|Mumbwa|Nangoma|Keezwa|Mukubu|Mukubu & Mukubani Village|Not enough funds|4|1|cdf_not_approved_projects_nangoma_2025|NOT-APPROVED-COMMUNITY-PROJECTS-NANGOMA.pdf|2025|not_approved_community_projects|recreated_pdf
40|Construction of 1*3 Classroom Block|Construction of 1*3 Classroom Block at Luumpe Community School|Education|Construction|Central|Mumbwa|Nangoma|Keezwa|Luumpe|Luumpe Community School|Not enough funds|4|1|cdf_not_approved_projects_nangoma_2025|NOT-APPROVED-COMMUNITY-PROJECTS-NANGOMA.pdf|2025|not_approved_community_projects|recreated_pdf
41|Construction of a Health Post|Construction of a Health Post in Mukubu Community|Health|Construction|Central|Mumbwa|Nangoma|Keezwa|Mukubu|Mukubu Community & Sarounding Communities|Not enough funds|4|1|cdf_not_approved_projects_nangoma_2025|NOT-APPROVED-COMMUNITY-PROJECTS-NANGOMA.pdf|2025|not_approved_community_projects|recreated_pdf
42|Construction of a Maternal Annex|Construction of a Maternal Annex at Muchabi Rural Health Post|Health|Construction|Central|Mumbwa|Nangoma|Choma|Muchabi|Muchabi Rural Health Post|APPROVED|4|1|cdf_not_approved_projects_nangoma_2025|NOT-APPROVED-COMMUNITY-PROJECTS-NANGOMA.pdf|2025|not_approved_community_projects|recreated_pdf
43|Construction of 2 Staff Houses|Construction of 2 Staff Houses at Muchabi Rural Health Post|Health|Construction|Central|Mumbwa|Nangoma|Choma|Muchabi|Muchabi Rural Health Post|Not enough funds|4|1|cdf_not_approved_projects_nangoma_2025|NOT-APPROVED-COMMUNITY-PROJECTS-NANGOMA.pdf|2025|not_approved_community_projects|recreated_pdf
44|Construction of 1*3 Classroom Block|Construction of 1*3 Classroom Block at Nguzu Primary School|Education|Construction|Central|Mumbwa|Nangoma|Choma|Nguzu|Nguzu Primary School|Not enough funds|4|1|cdf_not_approved_projects_nangoma_2025|NOT-APPROVED-COMMUNITY-PROJECTS-NANGOMA.pdf|2025|not_approved_community_projects|recreated_pdf
45|Drilling of a Borehole|Drilling of a Borehole at Shachizobe Zone|Water|Drilling & Installation|Central|Mumbwa|Nangoma|Choma|Shachizobe|Shachizobe Zone|Not enough funds|4|1|cdf_not_approved_projects_nangoma_2025|NOT-APPROVED-COMMUNITY-PROJECTS-NANGOMA.pdf|2025|not_approved_community_projects|recreated_pdf
46|Construction 4 Toilets & 2 Bathing Rooms|Construction 4 Toilets & 2 Bathing Rooms at Naleza Wildlife Office Gate -The Road Passing in the Blue Lagoon National Park (BLNPN)|Tourism|Construction|Central|Mumbwa|Nangoma|Choma|Shakumbila|Naleza Wildlife Office Gate|Not enough funds|5|1|cdf_not_approved_projects_nangoma_2025|NOT-APPROVED-COMMUNITY-PROJECTS-NANGOMA.pdf|2025|not_approved_community_projects|recreated_pdf
47|Construction of 1*3 Classroom Block|Construction of 1*3 Classroom Block at Shachizobe Primary School|Education|Construction|Central|Mumbwa|Nangoma|Choma|Shachizobe|Shachizobe Prinar School|Not enough funds|5|1|cdf_not_approved_projects_nangoma_2025|NOT-APPROVED-COMMUNITY-PROJECTS-NANGOMA.pdf|2025|not_approved_community_projects|recreated_pdf
48|Drilling of a Borehole - Indian Mark 2 Type|Drilling of a Borehole - Indian Mark 2 Type at Chiposo Area Shachizobe Zone|Water|Drilling & Installation|Central|Mumbwa|Nangoma|Choma|Shachizobe|Chiposo Area|Not enough funds|5|1|cdf_not_approved_projects_nangoma_2025|NOT-APPROVED-COMMUNITY-PROJECTS-NANGOMA.pdf|2025|not_approved_community_projects|recreated_pdf
49|Construction of Staff House|Construction of Staff House at Muchabi Primary School|Education|Construction|Central|Mumbwa|Nangoma|Choma|Muchabi|Muchabi Primary School|Not enough funds|5|1|cdf_not_approved_projects_nangoma_2025|NOT-APPROVED-COMMUNITY-PROJECTS-NANGOMA.pdf|2025|not_approved_community_projects|recreated_pdf
50|Construction of a Veterinary Drug Storage|Construction of a Vetenary Drug Storage|Livestock & Veterinary|Construction|Central|Mumbwa|Nangoma|Choma|Muchabi|Muchabi village|Not enough funds|5|1|cdf_not_approved_projects_nangoma_2025|NOT-APPROVED-COMMUNITY-PROJECTS-NANGOMA.pdf|2025|not_approved_community_projects|recreated_pdf
51|Drilling of Hand Pumps|Drilling of Hand pumps in Muchabi , Shakumbila, Nguzu & Shachizobe Communities|Water|Drilling & Installation|Central|Mumbwa|Nangoma|Choma|Muchabi|Muchabi,Shakumbila, Nguzu & Shakumbila Communities|Not enough funds|5|1|cdf_not_approved_projects_nangoma_2025|NOT-APPROVED-COMMUNITY-PROJECTS-NANGOMA.pdf|2025|not_approved_community_projects|recreated_pdf
52|Construction of Matron House|Construction of Matron House at the Girls Dormitory to provide Continued Supervision at Nangoma Secondary School|Education|Construction|Central|Mumbwa|Nangoma|Nangoma|Nangoma|Nangoma Secondary School|Not enough funds|5|1|cdf_not_approved_projects_nangoma_2025|NOT-APPROVED-COMMUNITY-PROJECTS-NANGOMA.pdf|2025|not_approved_community_projects|recreated_pdf
53|Construction of a Staff House|Construction of a Staff House Nakabu Primary School|Education|Reticulation|Central|Mumbwa|Nangoma|Nangoma|Nakabu|Nakabu Primary School|Not enough funds|5|1|cdf_not_approved_projects_nangoma_2025|NOT-APPROVED-COMMUNITY-PROJECTS-NANGOMA.pdf|2025|not_approved_community_projects|recreated_pdf
54|Construction of a Crossing Point|Construction of a Crossing Point at Nabuyuni Stream Crosing Point|Roads|Construction|Central|Mumbwa|Nangoma|Nangoma|Nabuyuni|Nabuyuni Stream Crossing Point|Not enough funds|5|1|cdf_not_approved_projects_nangoma_2025|NOT-APPROVED-COMMUNITY-PROJECTS-NANGOMA.pdf|2025|not_approved_community_projects|recreated_pdf
55|Construction of 1*3 Classroom Block|Construction of 1*3 Classroom Block at Chibusa Primary School|Education|Construction|Central|Mumbwa|Nangoma|Nangoma|Nabuyuni|Chibusa Primary School|Not enough funds|5|1|cdf_not_approved_projects_nangoma_2025|NOT-APPROVED-COMMUNITY-PROJECTS-NANGOMA.pdf|2025|not_approved_community_projects|recreated_pdf
56|Construction of a Crossing Point|Construction of a Crossing Point at Chipoomoka across Nanjili Stream|Roads|Construction|Central|Mumbwa|Nangoma|Nangoma|Nangoma|Chipoomoka across Nanjili Stream|Not enough funds|6|1|cdf_not_approved_projects_nangoma_2025|NOT-APPROVED-COMMUNITY-PROJECTS-NANGOMA.pdf|2025|not_approved_community_projects|recreated_pdf
57|Construction of 1*3 Ablution Block|Construction of 1*3 Ablution Block - at Kasalu Primary School|Education|Construction|Central|Mumbwa|Nangoma|Nangoma|Kasalu|Kasalu Primary School|Not enough funds|6|1|cdf_not_approved_projects_nangoma_2025|NOT-APPROVED-COMMUNITY-PROJECTS-NANGOMA.pdf|2025|not_approved_community_projects|recreated_pdf
58|Construction of a Market Shelter|Construction of a Market Shelter at Kasalu Market|Infrastructure|Construction|Central|Mumbwa|Nangoma|Nangoma|Kasalu|Kasalu Market|Not enough funds|6|1|cdf_not_approved_projects_nangoma_2025|NOT-APPROVED-COMMUNITY-PROJECTS-NANGOMA.pdf|2025|not_approved_community_projects|recreated_pdf
59|Construction of a Crossing Point|Construction of a Crossing Point Ntembelwa, Shamamoma Community|Roads|Construction|Central|Mumbwa|Nangoma|Nangoma|Kasalu|Ntembelwa, Shamamoma Community|Not enough funds|6|1|cdf_not_approved_projects_nangoma_2025|NOT-APPROVED-COMMUNITY-PROJECTS-NANGOMA.pdf|2025|not_approved_community_projects|recreated_pdf
60|Construction of 1*4 Classroom Block|Construction of 1*4 Classroom Block at Luili Primary School|Education|Construction|Central|Mumbwa|Nangoma|Matala|Luili|Luili Primary School|APPROVED|6|1|cdf_not_approved_projects_nangoma_2025|NOT-APPROVED-COMMUNITY-PROJECTS-NANGOMA.pdf|2025|not_approved_community_projects|recreated_pdf
61|Lack of electricity|Lack of electricity at Matala Primary School|Education|Electrification|Central|Mumbwa|Nangoma|Matala|Matala|Matala Primary School|Not enough funds|6|1|cdf_not_approved_projects_nangoma_2025|NOT-APPROVED-COMMUNITY-PROJECTS-NANGOMA.pdf|2025|not_approved_community_projects|recreated_pdf
62|Construction of Classroom Block|Construction of Classroom Block|Education|Construction|Central|Mumbwa|Nangoma|Matala|Katengwa|Katengwa Primary School|Not enough funds|6|1|cdf_not_approved_projects_nangoma_2025|NOT-APPROVED-COMMUNITY-PROJECTS-NANGOMA.pdf|2025|not_approved_community_projects|recreated_pdf
63|Construction of Administrative block with staff room, Renovation of ablurion block, Water Reticulation and Staff Accomodation .|Construction of Administrative block with staff room, Renovation of ablurion block, Water Reticulation and Staff Accomodation - Sanje Primary School.|Education|Construction & Rehabilitation|Central|Mumbwa|Nangoma|Nakasaka|Sanje|Sanje Primary School|Not enough funds|6|1|cdf_not_approved_projects_nangoma_2025|NOT-APPROVED-COMMUNITY-PROJECTS-NANGOMA.pdf|2025|not_approved_community_projects|recreated_pdf
64|Construction of 2 staff houses|Construction of 2 staff houses at Muyoba Primary School|Education|Construction|Central|Mumbwa|Nangoma|Nakasaka|Muyoba|Muyoba Primary School|Not enough funds|6|1|cdf_not_approved_projects_nangoma_2025|NOT-APPROVED-COMMUNITY-PROJECTS-NANGOMA.pdf|2025|not_approved_community_projects|recreated_pdf
65|Lack of Staff Accomodation, School Toilets not enough, Borehole needs pipe replacement.|Lack of Staff Accomodation, School Toilets not enough, Borehole needs pipe replacement at Nakasaka Primary School|Education|Construction|Central|Mumbwa|Nangoma|Nakasaka|Mainwene|Nakasaka Primary School|Not enough funds|6|1|cdf_not_approved_projects_nangoma_2025|NOT-APPROVED-COMMUNITY-PROJECTS-NANGOMA.pdf|2025|not_approved_community_projects|recreated_pdf
66|Lack of a dinning hall for feeding, Water crisis and staff accomodation|Lack of a dinning hall for feeding, Water crisis and staff accomodation at Sanje Primary School|Education|Construction|Central|Mumbwa|Nangoma|Nakasaka|Sanje|Sanje Secondary School|Not enough funds|7|1|cdf_not_approved_projects_nangoma_2025|NOT-APPROVED-COMMUNITY-PROJECTS-NANGOMA.pdf|2025|not_approved_community_projects|recreated_pdf
67|Construction of a Health Post|Construction of a Health Post in Nambwa Zone|Health|Construction|Central|Mumbwa|Nangoma|Nakasaka|Nambwa|Nambwa Community|Not enough funds|7|1|cdf_not_approved_projects_nangoma_2025|NOT-APPROVED-COMMUNITY-PROJECTS-NANGOMA.pdf|2025|not_approved_community_projects|recreated_pdf
68|Construction of 1*3 Classroom Block|Construction of 1*3 Classroom Block at Mumba Scheme Primary School|Education|Construction|Central|Mumbwa|Nangoma|Nakasaka|Mumba Scheme|Mumba Scheme Primary School|Not enough funds|7|1|cdf_not_approved_projects_nangoma_2025|NOT-APPROVED-COMMUNITY-PROJECTS-NANGOMA.pdf|2025|not_approved_community_projects|recreated_pdf
69|Construction of three (3) staff house and one (1) rehabilitation of 1x3 Classroom Block|Construction of three (3) staff house and one (1) rehabilitation of 1x3 Classroom Block|Education|Construction|Central|Mumbwa|Nangoma|Matala|Kansangwa|Kansangwa Community School|Not enough funds|7|1|cdf_not_approved_projects_nangoma_2025|NOT-APPROVED-COMMUNITY-PROJECTS-NANGOMA.pdf|2025|not_approved_community_projects|recreated_pdf
70|Construction of a foot bridge|Construction of a foot bridge in Shambata Village|Roads|Construction|Central|Mumbwa|Nangoma|Sichanzu|Munkolo|Shambata Village|Not enough funds|7|1|cdf_not_approved_projects_nangoma_2025|NOT-APPROVED-COMMUNITY-PROJECTS-NANGOMA.pdf|2025|not_approved_community_projects|recreated_pdf
71|Rehabilitation if a bridge|Rehabilitation if a bridge in Munkolo Zone|Roads|Rehabilitation|Central|Mumbwa|Nangoma|Sichanzu|Munkolo|Munkolo Zone|Not enough funds|7|1|cdf_not_approved_projects_nangoma_2025|NOT-APPROVED-COMMUNITY-PROJECTS-NANGOMA.pdf|2025|not_approved_community_projects|recreated_pdf
72|Renovation of spray race|Renovation of spray race - Malima Area|Livestock|Renovation|Central|Mumbwa|Nangoma|Sichanzu|Malima|Malima|Not enough funds|7|1|cdf_not_approved_projects_nangoma_2025|NOT-APPROVED-COMMUNITY-PROJECTS-NANGOMA.pdf|2025|not_approved_community_projects|recreated_pdf
73|Construction of 1*3 Claaroom Block|Construction of 1*3 Classroom Block at Chifwembe Primary school|Education|Construction|Central|Mumbwa|Nangoma|Nalubanda|Chifwembe|Chifwembe Primary school|Not enough funds|7|1|cdf_not_approved_projects_nangoma_2025|NOT-APPROVED-COMMUNITY-PROJECTS-NANGOMA.pdf|2025|not_approved_community_projects|recreated_pdf
74|Construction of a Staff House|Construction of a Staff House at Mweempe Primary|Education|Construction|Central|Mumbwa|Nangoma|Nalubanda|Mweempe|Mweempe Primary School|Not enough funds|7|1|cdf_not_approved_projects_nangoma_2025|NOT-APPROVED-COMMUNITY-PROJECTS-NANGOMA.pdf|2025|not_approved_community_projects|recreated_pdf
75|Drilling of Six (6) Boreholes|Drilling of Six (6) Boreholes , Mweemba ,SuSu ,Shambosha,Nalubanda,Mulondo & Muzuni Village|Water|Drilling & Installation|Central|Mumbwa|Nangoma|Nalubanda|Selected Points|Drilling of Six (6) Boreholes , Mweemba ,SuSu ,Shambosha,Nalubanda,Mulondo & Muzuni Village|Not enough funds|7|1|cdf_not_approved_projects_nangoma_2025|NOT-APPROVED-COMMUNITY-PROJECTS-NANGOMA.pdf|2025|not_approved_community_projects|recreated_pdf
76|Construction of a Staff House|Construction of a Staff House at Chaangwe Community|Education|Construction|Central|Mumbwa|Nangoma|Nalubanda|Chaangwe|Chaangwe Community School|Not enough funds|7|1|cdf_not_approved_projects_nangoma_2025|NOT-APPROVED-COMMUNITY-PROJECTS-NANGOMA.pdf|2025|not_approved_community_projects|recreated_pdf
